Group,Total_Cells,Weighted_Mean_Density,High_Reliability_Pct,Medium_Reliability_Pct,Low_Reliability_Pct
Artificial surfaces,20639,10470.7236328125,0.0,16.880662822811182,0.0
Agricultural areas,323107,10394.960400391794,0.0,12.921725620305347,0.0
Forest and semi-natural,173033,10433.8278681365,0.0,10.790427259540088,0.0
